rowname,condition,sizeFactor
sample01,A,0.994874077345649
sample02,A,1.04075281320365
sample03,A,1.04073898442015
sample04,A,1.01092350224408
sample05,A,1.01915227161329
sample06,A,0.978890382979356
sample07,B,1.07147325483346
sample08,B,1.09268421506427
sample09,B,1.06589517401605
sample10,B,1.0451551034243
sample11,B,1.03951148389575
sample12,B,1.03770934267718
